user_id,segment,timestamp,amount,balance_before,txn_type,device_id,recipient_id,district,failed_pin_attempts
U0007,freelancer,2026-05-01 20:40:16.805855575,3253.58,116430.75,send,D-U0007,R-U0007-0,Dhaka,0
U0007,freelancer,2026-05-02 02:30:00.000000000,1008.01,113177.18,merchant_pay,D-U0007,R-U0007-0,Dhaka,0
U0007,freelancer,2026-05-02 18:39:28.465825070,1040.43,112169.17,send,D-U0007,R-U0007-0,Dhaka,0
U0007,freelancer,2026-05-02 23:35:17.909293987,2783.87,111128.74,cash_out,D-U0007,R-U0007-0,Dhaka,1
U0007,freelancer,2026-05-06 21:39:24.929531701,966.64,108344.87,send,D-U0007,R-U0007-3,Dhaka,0
U0007,freelancer,2026-05-07 01:16:57.587183922,1952.74,107378.22,send,D-U0007,N-U0007-0,Dhaka,0
U0007,freelancer,2026-05-07 21:12:13.212174811,40486.56,105425.48,send,D-U0007,R-U0007-0,Dhaka,0
U0007,freelancer,2026-05-09 17:58:31.919356252,2820.53,64938.92,send,D-U0007,R-U0007-0,Dhaka,0
U0007,freelancer,2026-05-10 02:30:00.000000000,3823.58,62118.39,cash_out,D-U0007,R-U0007-1,Dhaka,0
U0007,freelancer,2026-05-10 23:40:50.318644778,12180.7,58294.81,send,D-U0007,R-U0007-3,Dhaka,0
U0007,freelancer,2026-05-11 18:02:05.244636145,29100.99,46114.12,send,D-U0007,R-U0007-1,Dhaka,0
U0007,freelancer,2026-05-11 22:00:30.013226670,4230.01,17013.13,cash_out,D-U0007,R-U0007-1,Dhaka,0
U0007,freelancer,2026-05-13 00:04:03.026072789,2471.9,12783.12,send,D-U0007,R-U0007-2,Dhaka,0
U0007,freelancer,2026-05-14 19:09:03.507613964,5173.78,10311.22,send,D-U0007,R-U0007-2,Dhaka,0
U0007,freelancer,2026-05-14 20:14:11.480051320,8947.96,28663.63,send,D-U0007,R-U0007-0,Dhaka,0
U0007,freelancer,2026-05-14 20:16:03.008560114,3934.93,19715.67,cash_out,D-U0007,R-U0007-0,Dhaka,0
U0007,freelancer,2026-05-16 19:10:28.800307484,9008.3,15780.73,cash_out,D-U0007,R-U0007-0,Dhaka,0
U0007,freelancer,2026-05-16 23:02:11.393833510,10959.39,53638.11,cash_out,D-U0007,N-U0007-1,Dhaka,0
U0007,freelancer,2026-05-17 02:30:00.000000000,6991.85,42678.72,cash_out,D-U0007,R-U0007-0,Dhaka,0
U0007,freelancer,2026-05-19 20:48:15.051038930,27737.78,35686.87,send,D-U0007,R-U0007-0,Dhaka,0
U0007,freelancer,2026-05-20 23:17:07.001587950,5878.41,7949.09,send,D-U0007,R-U0007-0,Dhaka,0
U0007,freelancer,2026-05-25 20:43:50.821357909,3871.61,22022.41,send,D-U0007,R-U0007-1,Dhaka,0
U0007,freelancer,2026-05-25 22:18:24.403109003,1397.0,18150.79,merchant_pay,D-U0007,R-U0007-0,Dhaka,0
U0007,freelancer,2026-05-25 22:24:55.809125918,2944.88,16753.8,send,D-U0007,N-U0007-2,Dhaka,0
U0007,freelancer,2026-05-27 01:42:05.926306933,1351.66,13808.91,merchant_pay,D-U0007,R-U0007-1,Dhaka,0
U0007,freelancer,2026-05-27 02:30:00.000000000,17941.7,64723.03,cash_out,D-U0007,R-U0007-0,Dhaka,0
U0007,freelancer,2026-05-29 16:34:18.191998387,900.79,46781.33,merchant_pay,D-U0007,N-U0007-0,Dhaka,0
U0007,freelancer,2026-05-30 19:12:16.049489674,1944.46,45880.54,send,D-U0007,R-U0007-3,Dhaka,0
U0007,freelancer,2026-05-31 02:30:00.000000000,1901.15,43936.08,send,D-U0007,R-U0007-2,Dhaka,0
U0007,freelancer,2026-06-01 20:11:13.988049399,712.56,42034.92,send,D-U0007,N-U0007-3,Dhaka,0
U0007,freelancer,2026-06-04 21:56:40.717324891,5526.65,41322.36,merchant_pay,D-U0007,R-U0007-0,Dhaka,0
U0007,freelancer,2026-06-05 00:27:57.884325920,2507.15,35795.71,send,D-U0007,R-U0007-1,Dhaka,0
U0007,freelancer,2026-06-06 14:55:22.150687449,11662.5,33288.56,send,D-U0007,R-U0007-0,Dhaka,0
U0007,freelancer,2026-06-06 17:56:16.978117320,1730.54,21626.06,send,D-U0007,R-U0007-3,Dhaka,1
U0007,freelancer,2026-06-07 01:23:04.936350570,625.01,19895.52,merchant_pay,D-U0007,N-U0007-4,Dhaka,0
U0007,freelancer,2026-06-07 16:28:24.416043636,9651.68,19270.51,cash_out,D-U0007,N-U0007-0,Dhaka,0
U0007,freelancer,2026-06-08 16:56:06.867326771,3088.61,9618.83,send,D-U0007,N-U0007-0,Dhaka,0
U0007,freelancer,2026-06-08 16:58:58.867326771,1668.08,6530.22,cash_out,D-U0007,R-U0007-0,Dhaka,0
U0007,freelancer,2026-06-08 17:00:34.867326771,5687.72,24125.87,send,D-U0007,R-U0007-0,Dhaka,0
U0007,freelancer,2026-06-08 17:02:32.867326771,1526.1,18438.15,send,D-U0007,R-U0007-0,Dhaka,0
U0007,freelancer,2026-06-08 17:03:31.867326771,774.57,16912.05,cash_out,D-U0007,N-U0007-0,Dhaka,1
U0007,freelancer,2026-06-08 23:02:01.320233209,22790.95,71475.06,send,D-U0007,R-U0007-0,Dhaka,0
U0007,freelancer,2026-06-09 15:25:55.931600568,11502.34,48684.1,cash_out,D-U0007,R-U0007-0,Dhaka,0
U0007,freelancer,2026-06-10 01:41:02.853109911,2209.58,37181.77,cash_out,D-U0007,N-U0007-0,Dhaka,0
U0007,freelancer,2026-06-11 12:42:14.185949559,653.82,34972.19,merchant_pay,D-U0007,N-U0007-5,Dhaka,0
U0007,freelancer,2026-06-14 18:27:55.816714838,1891.19,34318.37,send,D-U0007,N-U0007-6,Dhaka,0
U0007,freelancer,2026-06-14 19:35:18.356474988,16850.43,32427.18,send,D-U0007,N-U0007-0,Dhaka,0
U0007,freelancer,2026-06-14 22:10:44.636793876,3182.72,15576.75,merchant_pay,D-U0007,N-U0007-7,Dhaka,0
U0007,freelancer,2026-06-15 23:15:52.387784489,994.59,12394.03,merchant_pay,D-U0007,R-U0007-0,Dhaka,0
U0007,freelancer,2026-06-17 00:07:17.771009113,3926.84,11399.44,cash_out,D-U0007-b,R-U0007-1,Dhaka,0
U0007,freelancer,2026-06-18 22:18:10.320506891,3772.41,7472.6,send,D-U0007,N-U0007-0,Dhaka,0
U0007,freelancer,2026-06-18 23:22:54.004344847,7112.15,64802.16,merchant_pay,D-U0007,N-U0007-8,Dhaka,0
U0007,freelancer,2026-06-19 17:30:05.897741829,1585.6,57690.0,merchant_pay,D-U0007,R-U0007-4,Dhaka,0
U0007,freelancer,2026-06-21 15:00:03.153078569,5817.49,56104.41,cash_out,D-U0007,R-U0007-0,Dhaka,0
U0007,freelancer,2026-06-23 00:27:30.925790732,2530.07,50286.91,send,D-U0007,N-U0007-9,Dhaka,0
U0007,freelancer,2026-06-24 02:30:00.000000000,2536.74,47756.85,merchant_pay,D-U0007,N-U0007-4,Dhaka,0
U0007,freelancer,2026-06-24 16:31:27.565289623,7478.7,45220.11,send,D-U0007,N-U0007-8,Dhaka,0
U0007,freelancer,2026-06-29 19:22:48.584511027,12232.04,37741.41,merchant_pay,D-U0007,R-U0007-0,Dhaka,0
U0007,freelancer,2026-06-30 20:34:24.852193272,2022.15,25509.38,cash_out,D-U0007-b,N-U0007-0,Dhaka,0
U0007,freelancer,2026-07-03 02:30:00.000000000,541.0,23487.23,send,D-U0007,N-U0007-10,Dhaka,0
U0007,freelancer,2026-07-05 17:07:10.846504334,1675.17,22946.23,merchant_pay,D-U0007,N-U0007-2,Dhaka,0
U0007,freelancer,2026-07-06 02:21:01.527361249,15331.9,21271.05,send,D-U0007,R-U0007-3,Dhaka,0
U0007,freelancer,2026-07-06 23:10:45.651884882,10897.39,76367.04,merchant_pay,D-U0007,R-U0007-0,Dhaka,0
U0007,freelancer,2026-07-07 20:35:14.497260961,14872.4,65469.65,send,D-U0007,R-U0007-2,Dhaka,0
U0007,freelancer,2026-07-07 22:23:59.944517937,15622.47,50597.25,send,D-U0007,R-U0007-1,Dhaka,1
U0007,freelancer,2026-07-08 01:34:05.294377914,1048.61,34974.78,cash_out,D-U0007,R-U0007-0,Dhaka,0
U0007,freelancer,2026-07-09 00:39:29.558240261,3059.35,33926.17,cash_out,D-U0007,R-U0007-1,Dhaka,1
U0007,freelancer,2026-07-09 20:48:21.726129161,4479.3,30866.82,cash_out,D-U0007,R-U0007-0,Dhaka,0
U0007,freelancer,2026-07-10 22:54:10.570367134,1710.69,26387.52,merchant_pay,D-U0007,R-U0007-1,Dhaka,0
U0007,freelancer,2026-07-11 14:15:41.598727347,1201.11,24676.83,send,D-U0007,N-U0007-10,Dhaka,0
U0007,freelancer,2026-07-12 23:13:26.988425873,3938.84,23475.72,merchant_pay,D-U0007,N-U0007-11,Dhaka,0
U0007,freelancer,2026-07-14 18:52:41.637195932,2572.76,19536.89,send,D-U0007,R-U0007-0,Dhaka,0
U0007,freelancer,2026-07-14 22:21:44.342187674,2012.97,16964.13,send,D-U0007,N-U0007-4,Dhaka,1
U0007,freelancer,2026-07-16 01:03:54.602408212,695.55,14951.15,send,D-U0007,R-U0007-2,Dhaka,0
U0007,freelancer,2026-07-16 02:30:00.000000000,1262.94,14255.61,send,D-U0007,N-U0007-10,Dhaka,0
U0007,freelancer,2026-07-17 01:24:59.795178708,1527.33,12992.67,merchant_pay,D-U0007,R-U0007-0,Dhaka,0
U0007,freelancer,2026-07-18 20:16:20.146476670,1251.45,11465.34,send,D-U0007,R-U0007-3,Dhaka,0
U0007,freelancer,2026-07-19 18:13:57.694203397,1807.46,10213.89,send,D-U0007,N-U0007-11,Dhaka,0
U0007,freelancer,2026-07-22 22:11:35.938852758,4314.65,8406.44,send,D-U0007,N-U0007-0,Dhaka,0
U0007,freelancer,2026-07-23 21:51:03.380887008,3244.67,4091.79,merchant_pay,D-U0007,N-U0007-4,Dhaka,0
U0007,freelancer,2026-07-29 00:31:33.386491390,1907.57,77280.32,merchant_pay,D-U0007,R-U0007-1,Dhaka,0
U0007,freelancer,2026-07-30 00:31:27.702944710,6489.97,75372.75,send,D-U0007,R-U0007-3,Dhaka,0
U0007,freelancer,2026-07-31 22:24:33.944637383,7601.66,68882.78,merchant_pay,D-U0007,N-U0007-8,Dhaka,0
U0007,freelancer,2026-07-31 23:12:40.794292255,3362.34,61281.12,send,D-U0007,R-U0007-0,Dhaka,0
U0007,freelancer,2026-08-01 11:25:07.360073611,283.51,57918.78,send,D-U0007,R-U0007-4,Dhaka,0
U0007,freelancer,2026-08-01 18:51:20.029617059,393.08,57635.28,send,D-U0007,R-U0007-1,Dhaka,1
U0007,freelancer,2026-08-03 02:30:00.000000000,2701.5,57242.19,cash_out,D-U0007,R-U0007-1,Dhaka,0
U0007,freelancer,2026-08-07 01:03:11.300775551,3594.78,54540.69,merchant_pay,D-U0007,N-U0007-8,Dhaka,0
U0007,freelancer,2026-08-07 21:36:13.354483896,371.7,50945.92,send,D-U0007,N-U0007-4,Dhaka,0
U0007,freelancer,2026-08-07 22:57:23.366685697,6179.24,50574.22,send,D-U0007,R-U0007-1,Dhaka,0
U0007,freelancer,2026-08-08 02:30:00.000000000,1073.71,44394.98,cash_out,D-U0007,R-U0007-0,Dhaka,0
U0007,freelancer,2026-08-10 16:22:02.921714095,10574.55,43321.27,send,D-U0007,R-U0007-1,Dhaka,0
U0007,freelancer,2026-08-10 18:46:50.454926910,10895.85,32746.71,send,D-U0007,R-U0007-0,Dhaka,0
U0007,freelancer,2026-08-10 19:21:08.298103482,3169.04,21850.87,send,D-U0007,R-U0007-1,Dhaka,0
U0007,freelancer,2026-08-11 02:30:00.000000000,7869.39,18681.83,cash_out,D-U0007,N-U0007-11,Dhaka,0
U0007,freelancer,2026-08-11 21:05:24.957445943,1332.82,10812.44,cash_out,D-U0007,N-U0007-12,Dhaka,0
U0007,freelancer,2026-08-12 21:39:58.762562234,1473.13,9479.62,send,D-U0007,R-U0007-0,Dhaka,0
U0007,freelancer,2026-08-13 01:10:41.833526037,5360.68,8006.49,cash_out,D-U0007,N-U0007-2,Dhaka,0
U0007,freelancer,2026-08-13 01:43:04.964534879,1059.19,2645.81,send,D-U0007,R-U0007-2,Dhaka,0
U0007,freelancer,2026-08-13 12:39:23.475649904,6511.84,50367.33,send,D-U0007,R-U0007-2,Dhaka,0
U0007,freelancer,2026-08-13 19:03:08.738921822,2500.38,43855.49,send,D-U0007,N-U0007-4,Dhaka,0
U0007,freelancer,2026-08-14 20:56:01.257560478,3601.35,41355.11,send,D-U0007,R-U0007-0,Dhaka,0
U0007,freelancer,2026-08-15 22:34:24.032707097,6607.35,37753.77,merchant_pay,D-U0007,R-U0007-2,Dhaka,0
U0007,freelancer,2026-08-15 23:32:47.144763869,1191.73,31146.42,send,D-U0007,R-U0007-3,Dhaka,0
U0007,freelancer,2026-08-16 17:29:17.796116675,3512.25,29954.69,send,D-U0007,N-U0007-13,Dhaka,0
U0007,freelancer,2026-08-16 22:41:34.179335233,522.42,26442.44,merchant_pay,D-U0007,R-U0007-3,Dhaka,0
U0007,freelancer,2026-08-17 22:51:54.013697116,11041.4,25920.02,send,D-U0007,R-U0007-1,Dhaka,0
U0007,freelancer,2026-08-18 19:27:35.938391788,57329.48,67544.13,cash_out,D-U0007,N-U0007-14,Dhaka,0
U0007,freelancer,2026-08-21 12:48:23.357203174,1074.2,10214.65,send,D-U0007,R-U0007-4,Dhaka,0
U0007,freelancer,2026-08-22 20:40:24.412511280,30652.92,102495.98,cash_out,D-U0007,R-U0007-0,Dhaka,0
U0007,freelancer,2026-08-23 17:17:15.538427260,3859.44,71843.06,send,D-U0007,R-U0007-1,Dhaka,0
U0007,freelancer,2026-08-25 20:17:54.889705868,2755.01,67983.62,merchant_pay,D-U0007,R-U0007-1,Dhaka,0
U0007,freelancer,2026-08-25 20:28:14.652374778,12681.66,65228.62,merchant_pay,D-U0007,N-U0007-11,Dhaka,0
U0007,freelancer,2026-08-26 16:49:31.170665492,29687.55,52546.96,cash_out,D-U0007,N-U0007-0,Dhaka,0
U0007,freelancer,2026-08-26 21:20:43.379139373,740.32,22859.42,cash_out,D-U0007,R-U0007-0,Dhaka,0
U0007,freelancer,2026-08-27 23:47:51.239098077,4713.59,22119.1,cash_out,D-U0007,R-U0007-4,Dhaka,0
U0007,freelancer,2026-08-28 20:56:53.589843187,1132.66,17405.51,send,D-U0007,R-U0007-1,Dhaka,0
U0012,student,2026-06-13 18:55:48.010265497,119.78,3815.12,send,D-U0012,R-U0012-6,Sylhet,0
U0012,student,2026-06-14 15:05:40.064836387,1109.0,3695.34,send,D-U0012,R-U0012-0,Sylhet,0
U0012,student,2026-06-14 17:18:08.947466451,274.82,2586.34,merchant_pay,D-U0012-b,R-U0012-0,Sylhet,0
U0012,student,2026-06-14 18:50:36.139391453,395.11,2311.52,merchant_pay,D-U0012,R-U0012-0,Sylhet,0
U0012,student,2026-06-17 21:57:28.116554388,657.78,1916.41,send,D-U0012,R-U0012-0,Sylhet,0
U0012,student,2026-06-18 19:37:06.130440973,211.01,1258.63,send,D-U0012,N-U0012-4,Sylhet,0
U0012,student,2026-06-19 21:49:59.703621262,270.28,1047.62,merchant_pay,D-U0012,R-U0012-7,Sylhet,0
U0012,student,2026-06-21 01:20:40.754037168,99.29,777.34,merchant_pay,D-U0012,R-U0012-0,Sylhet,0
U0012,student,2026-06-21 13:15:31.746012962,40.49,678.04,merchant_pay,D-U0012,R-U0012-0,Sylhet,0
U0012,student,2026-06-22 19:29:03.277848577,390.18,637.55,merchant_pay,D-U0012,R-U0012-0,Sylhet,0
U0012,student,2026-06-23 22:33:26.270343030,200.07,247.37,send,D-U0012,R-U0012-1,Sylhet,0
U0012,student,2026-06-24 02:16:11.922169525,223.26,2819.36,merchant_pay,D-U0012,R-U0012-0,Sylhet,0
U0012,student,2026-06-24 19:54:11.588222877,35.46,2596.1,merchant_pay,D-U0012,R-U0012-0,Sylhet,0
U0012,student,2026-06-24 21:48:06.560079162,79.19,2560.64,merchant_pay,D-U0012,R-U0012-0,Sylhet,0
U0012,student,2026-06-27 16:50:09.692766169,152.97,2481.45,send,D-U0012,R-U0012-0,Sylhet,0
U0012,student,2026-06-27 20:42:30.710698596,380.32,2328.48,send,D-U0012,N-U0012-5,Sylhet,0
U0012,student,2026-06-29 14:49:48.196016127,30.27,1948.16,send,D-U0012,R-U0012-0,Sylhet,0
U0012,student,2026-06-29 21:04:14.623333017,280.44,1917.89,merchant_pay,D-U0012,N-U0012-6,Sylhet,0
U0012,student,2026-06-30 16:07:41.772323860,107.2,1637.45,send,D-U0012,R-U0012-0,Sylhet,0
U0012,student,2026-06-30 16:54:24.841561406,71.23,1530.26,merchant_pay,D-U0012,R-U0012-2,Sylhet,0
U0012,student,2026-06-30 17:24:13.850606679,313.93,1459.03,send,D-U0012,R-U0012-5,Sylhet,0
U0012,student,2026-06-30 18:24:22.839732513,62.3,1145.1,merchant_pay,D-U0012,R-U0012-4,Sylhet,0
U0012,student,2026-06-30 20:50:39.078099741,349.74,1082.81,send,D-U0012,R-U0012-1,Sylhet,0
U0012,student,2026-07-01 12:33:30.925158975,140.49,733.07,send,D-U0012,R-U0012-5,Sylhet,1
U0012,student,2026-07-01 17:07:20.751039507,69.38,592.58,send,D-U0012,R-U0012-1,Sylhet,0
U0012,student,2026-07-02 00:13:43.922892197,422.12,523.2,send,D-U0012,R-U0012-3,Sylhet,1
U0012,student,2026-07-03 18:36:19.770250914,317.64,3185.37,send,D-U0012,R-U0012-4,Sylhet,0
U0012,student,2026-07-04 00:27:13.602502063,101.06,2867.73,cash_out,D-U0012,R-U0012-1,Sylhet,0
U0012,student,2026-07-04 16:26:33.553974066,214.02,2766.67,send,D-U0012,R-U0012-4,Sylhet,0
U0012,student,2026-07-04 19:05:33.283576685,216.03,2552.65,merchant_pay,D-U0012,N-U0012-7,Sylhet,0
U0012,student,2026-07-05 22:02:39.086138715,280.96,2336.62,merchant_pay,D-U0012,N-U0012-7,Sylhet,0
U0012,student,2026-07-06 17:58:02.680316931,166.19,2055.66,merchant_pay,D-U0012,R-U0012-3,Sylhet,0
U0012,student,2026-07-06 19:31:53.732407876,206.3,1889.48,cash_out,D-U0012,R-U0012-3,Sylhet,0
U0012,student,2026-07-07 02:30:00.000000000,339.09,1683.17,send,D-U0012,R-U0012-6,Sylhet,0
U0012,student,2026-07-07 15:33:18.749902382,313.09,1344.09,merchant_pay,D-U0012,R-U0012-1,Sylhet,0
U0012,student,2026-07-07 22:14:45.716925933,147.43,1031.0,merchant_pay,D-U0012,R-U0012-2,Sylhet,0
U0012,student,2026-07-09 20:00:47.099793910,393.92,883.57,cash_out,D-U0012,R-U0012-2,Sylhet,0
U0012,student,2026-07-10 19:09:03.587440169,212.0,489.65,send,D-U0012,R-U0012-2,Sylhet,0
U0012,student,2026-07-12 11:52:52.302249589,248.9,277.65,send,D-U0012,R-U0012-3,Sylhet,0
U0012,student,2026-07-12 15:38:04.900238320,236.15,2180.5,send,D-U0012,R-U0012-5,Sylhet,0
U0012,student,2026-07-12 19:41:05.608216618,76.57,1944.35,send,D-U0012,R-U0012-2,Sylhet,0
U0012,student,2026-07-13 20:25:47.893090279,202.04,1867.77,merchant_pay,D-U0012,N-U0012-8,Sylhet,0
U0012,student,2026-07-13 20:29:32.771407447,181.67,1665.74,merchant_pay,D-U0012,R-U0012-0,Sylhet,0
U0012,student,2026-07-14 17:26:39.943512762,310.14,1484.07,send,D-U0012-b,R-U0012-4,Sylhet,0
U0012,student,2026-07-14 22:39:47.146228122,180.77,1173.92,merchant_pay,D-U0012,R-U0012-3,Sylhet,0
U0012,student,2026-07-16 16:56:22.556170251,824.3,993.16,merchant_pay,D-U0012,R-U0012-0,Sylhet,0
U0012,student,2026-07-18 19:46:12.137702891,147.28,168.85,merchant_pay,D-U0012,R-U0012-0,Sylhet,0
U0012,student,2026-07-19 21:22:15.818307702,155.52,2417.02,merchant_pay,D-U0012,R-U0012-0,Sylhet,0
U0012,student,2026-07-20 16:45:48.229756048,205.76,2261.5,send,D-U0012,R-U0012-0,Sylhet,0
U0012,student,2026-07-20 18:55:58.081858708,115.41,2055.74,merchant_pay,D-U0012,R-U0012-5,Sylhet,0
U0012,student,2026-07-20 22:11:57.670494754,273.84,1940.32,cash_out,D-U0012,R-U0012-0,Sylhet,0
U0012,student,2026-07-21 11:33:57.563469655,104.38,1666.48,send,D-U0012,R-U0012-3,Sylhet,0
U0012,student,2026-07-21 18:19:05.383189093,247.67,1562.1,merchant_pay,D-U0012,N-U0012-9,Sylhet,0
U0012,student,2026-07-21 21:42:45.287254098,115.07,1314.44,merchant_pay,D-U0012,R-U0012-3,Sylhet,0
U0012,student,2026-07-22 14:12:59.410209219,144.86,1199.37,send,D-U0012,R-U0012-1,Sylhet,0
U0012,student,2026-07-22 14:15:46.410209219,328.5,1054.51,send,D-U0012,N-U0012-8,Sylhet,0
U0012,student,2026-07-22 14:17:27.410209219,45.15,726.01,send,D-U0012,R-U0012-4,Sylhet,0
U0012,student,2026-07-22 18:57:22.313005810,38.54,680.86,merchant_pay,D-U0012,R-U0012-6,Sylhet,0
U0012,student,2026-07-22 19:42:35.382951739,449.64,642.31,merchant_pay,D-U0012,R-U0012-1,Sylhet,0
U0012,student,2026-07-22 22:26:30.901599884,113.3,192.67,send,D-U0012,N-U0012-8,Sylhet,0
U0012,student,2026-07-24 01:22:14.973647694,156.57,2050.02,send,D-U0012,N-U0012-7,Sylhet,0
U0012,student,2026-07-24 16:42:14.262865593,38.85,1893.44,send,D-U0012,R-U0012-1,Sylhet,0
U0012,student,2026-07-24 19:13:54.314309638,116.88,1854.59,send,D-U0012,R-U0012-0,Sylhet,0
U0012,student,2026-07-25 15:37:17.699154376,147.91,1737.71,merchant_pay,D-U0012,R-U0012-3,Sylhet,0
U0012,student,2026-07-27 15:44:30.463694344,216.62,1589.8,send,D-U0012,N-U0012-7,Sylhet,0
U0012,student,2026-07-27 18:14:02.558046460,128.85,1373.18,merchant_pay,D-U0012,R-U0012-0,Sylhet,0
U0012,student,2026-07-28 00:04:10.592906083,125.58,1244.34,cash_out,D-U0012,N-U0012-10,Sylhet,0
U0012,student,2026-07-28 11:21:11.026854853,290.64,1118.76,send,D-U0012-b,R-U0012-1,Sylhet,0
U0012,student,2026-07-28 21:28:47.989318575,163.87,828.11,send,D-U0012,R-U0012-3,Sylhet,0
U0012,student,2026-07-28 21:30:24.989318575,157.75,664.24,send,D-U0012,R-U0012-0,Sylhet,0
U0012,student,2026-07-28 21:32:21.989318575,96.12,506.49,send,D-U0012,R-U0012-5,Sylhet,0
U0012,student,2026-07-28 21:33:04.989318575,88.91,410.38,send,D-U0012,R-U0012-0,Sylhet,0
U0012,student,2026-07-28 21:34:19.989318575,134.23,321.47,send,D-U0012,R-U0012-1,Sylhet,0
U0012,student,2026-07-28 22:19:17.868420279,48.94,187.23,send,D-U0012,R-U0012-1,Sylhet,0
U0012,student,2026-07-29 17:10:35.349041045,58.93,138.29,cash_out,D-U0012,R-U0012-0,Sylhet,0
U0012,student,2026-07-29 17:41:16.739906341,61.5,79.36,merchant_pay,D-U0012,R-U0012-0,Sylhet,0
U0012,student,2026-08-02 13:22:32.652644822,302.41,4114.56,send,D-U0012,R-U0012-1,Sylhet,0
U0012,student,2026-08-03 17:28:55.373126675,423.98,3812.15,cash_out,D-U0012,R-U0012-0,Sylhet,0
U0012,student,2026-08-03 21:18:48.039182215,82.6,3388.17,cash_out,D-U0012,R-U0012-5,Sylhet,0
U0012,student,2026-08-04 22:46:56.427707463,260.59,3305.57,send,D-U0012,R-U0012-0,Sylhet,0
U0012,student,2026-08-05 16:46:14.317631197,113.49,3044.98,send,D-U0012,R-U0012-0,Sylhet,0
U0012,student,2026-08-05 18:53:57.023096454,108.66,2931.49,send,D-U0012,R-U0012-3,Sylhet,0
U0012,student,2026-08-05 22:02:23.599195437,671.27,2822.82,merchant_pay,D-U0012,N-U0012-7,Sylhet,0
U0012,student,2026-08-06 15:01:30.922041046,253.74,2151.56,merchant_pay,D-U0012,R-U0012-5,Sylhet,0
U0012,student,2026-08-06 20:16:34.624678231,144.22,1897.81,merchant_pay,D-U0012,R-U0012-0,Sylhet,2
U0012,student,2026-08-06 21:34:04.665050085,436.84,1753.6,merchant_pay,D-U0012-b,R-U0012-0,Sylhet,0
U0012,student,2026-08-07 16:01:36.501123206,203.24,1316.76,merchant_pay,D-U0012,R-U0012-1,Sylhet,0
U0012,student,2026-08-07 17:51:23.542892213,79.69,1113.52,send,D-U0012,R-U0012-3,Sylhet,0
U0012,student,2026-08-07 20:49:14.191265895,410.99,1033.83,send,D-U0012,R-U0012-0,Sylhet,0
U0012,student,2026-08-08 20:04:33.397283024,167.82,622.84,send,D-U0012,R-U0012-2,Sylhet,0
U0012,student,2026-08-09 13:04:21.037059777,355.9,455.01,send,D-U0012,R-U0012-2,Sylhet,0
U0012,student,2026-08-09 13:06:46.037059777,325.46,2627.35,cash_out,D-U0012,R-U0012-2,Sylhet,0
U0012,student,2026-08-09 13:07:13.811502770,80.37,2301.89,send,D-U0012,R-U0012-0,Sylhet,0
U0012,student,2026-08-09 13:07:26.037059777,124.94,2221.52,send,D-U0012,R-U0012-0,Sylhet,0
U0012,student,2026-08-09 13:10:28.037059777,166.11,2096.58,send,D-U0012,R-U0012-0,Sylhet,0
U0012,student,2026-08-11 15:57:07.484702409,122.33,1930.47,send,D-U0012,R-U0012-0,Sylhet,0
U0012,student,2026-08-12 10:07:40.474798138,255.86,1808.14,send,D-U0012,R-U0012-0,Sylhet,0
U0012,student,2026-08-12 22:15:19.700252930,223.16,1552.28,merchant_pay,D-U0012,R-U0012-1,Sylhet,0
U0012,student,2026-08-14 13:30:36.535476802,535.29,1329.12,cash_out,D-U0012,R-U0012-5,Sylhet,0
U0012,student,2026-08-14 18:20:45.225900201,366.9,793.83,send,D-U0012,R-U0012-0,Sylhet,0
U0012,student,2026-08-14 21:12:15.714508839,165.35,426.93,send,D-U0012,R-U0012-0,Sylhet,0
U0012,student,2026-08-15 14:26:15.643578230,164.45,261.58,send,D-U0012,R-U0012-5,Sylhet,0
U0012,student,2026-08-17 18:33:47.009140290,175.49,1260.98,send,D-U0012,R-U0012-0,Sylhet,0
U0012,student,2026-08-20 17:29:32.162307029,100.0,1085.49,send,D-U0012,N-U0012-7,Sylhet,0
U0012,student,2026-08-21 15:40:21.279458013,348.58,985.5,send,D-U0012,R-U0012-0,Sylhet,0
U0012,student,2026-08-21 20:07:29.831252379,177.92,636.92,send,D-U0012,R-U0012-2,Sylhet,0
U0012,student,2026-08-22 14:06:08.009830163,24.46,459.0,merchant_pay,D-U0012,R-U0012-6,Sylhet,0
U0012,student,2026-08-22 19:43:00.565551099,385.31,434.54,send,D-U0012,R-U0012-1,Sylhet,0
U0012,student,2026-08-22 20:16:36.565863775,121.16,1523.46,send,D-U0012,R-U0012-1,Sylhet,0
U0012,student,2026-08-22 22:13:50.858400410,309.18,1402.3,send,D-U0012,R-U0012-4,Sylhet,0
U0012,student,2026-08-22 23:06:28.427090151,166.94,1093.12,merchant_pay,D-U0012,R-U0012-0,Sylhet,0
U0012,student,2026-08-23 11:41:38.568208570,235.59,926.17,send,D-U0012,R-U0012-3,Sylhet,0
U0012,student,2026-08-23 12:30:31.448098054,126.26,690.58,merchant_pay,D-U0012,R-U0012-7,Sylhet,0
U0012,student,2026-08-24 16:41:46.139651035,56.62,564.32,send,D-U0012,R-U0012-0,Sylhet,0
U0012,student,2026-08-25 14:09:16.080893018,147.93,507.7,send,D-U0012,R-U0012-2,Sylhet,0
U0012,student,2026-08-25 18:56:41.943357966,101.1,359.77,send,D-U0012,R-U0012-0,Sylhet,0
U0012,student,2026-08-26 15:16:03.708230199,366.6,741.08,merchant_pay,D-U0012,N-U0012-11,Sylhet,0
U0012,student,2026-08-27 17:27:01.128186753,43.32,374.48,merchant_pay,D-U0012,N-U0012-12,Sylhet,0
U0012,student,2026-08-27 17:43:31.106959966,237.06,331.16,merchant_pay,D-U0012,R-U0012-4,Sylhet,0
U0012,student,2026-08-28 16:09:53.199145283,78.38,94.1,send,D-U0012,R-U0012-0,Sylhet,0
U0030,merchant,2026-08-03 16:11:48.454035782,3580.61,6876.58,merchant_pay,D-U0030,N-U0030-8,Mymensingh,0
U0030,merchant,2026-08-03 16:14:45.454035782,6820.7,45529.75,cash_out,D-U0030,N-U0030-46,Mymensingh,0
U0030,merchant,2026-08-03 16:17:16.454035782,1956.33,38709.06,send,D-U0030,N-U0030-23,Mymensingh,0
U0030,merchant,2026-08-03 17:02:12.081525182,2054.22,36752.73,send,D-U0030,N-U0030-39,Mymensingh,0
U0030,merchant,2026-08-04 09:12:48.139545485,899.52,34698.51,cash_out,D-U0030,R-U0030-6,Mymensingh,0
U0030,merchant,2026-08-04 11:48:25.145526481,2653.84,33799.0,send,D-U0030,R-U0030-1,Mymensingh,0
U0030,merchant,2026-08-04 12:20:25.088445117,1444.71,31145.15,send,D-U0030,R-U0030-0,Mymensingh,0
U0030,merchant,2026-08-04 13:35:40.911693272,1021.72,29700.44,send,D-U0030,R-U0030-0,Mymensingh,0
U0030,merchant,2026-08-04 13:37:30.911693272,1047.13,28678.72,send,D-U0030,N-U0030-39,Mymensingh,0
U0030,merchant,2026-08-04 13:38:52.911693272,3566.08,27631.59,send,D-U0030,R-U0030-9,Mymensingh,0
U0030,merchant,2026-08-04 13:40:58.911693272,529.46,24065.51,cash_out,D-U0030,N-U0030-34,Mymensingh,0
U0030,merchant,2026-08-04 13:42:31.911693272,7158.38,23536.05,cash_out,D-U0030,N-U0030-51,Mymensingh,0
U0030,merchant,2026-08-05 09:58:10.378671344,4932.24,16377.67,send,D-U0030,N-U0030-56,Mymensingh,0
U0030,merchant,2026-08-05 13:34:35.511041977,1598.66,11445.43,send,D-U0030,R-U0030-3,Mymensingh,0
U0030,merchant,2026-08-05 13:37:51.511041977,1097.9,9846.77,send,D-U0030,R-U0030-1,Mymensingh,0
U0030,merchant,2026-08-05 13:39:24.511041977,8584.83,80428.92,cash_out,D-U0030,R-U0030-0,Mymensingh,0
U0030,merchant,2026-08-05 13:41:35.511041977,4467.77,71844.09,send,D-U0030,R-U0030-1,Mymensingh,0
U0030,merchant,2026-08-05 19:45:40.947487842,760.08,67376.32,cash_out,D-U0030,R-U0030-0,Mymensingh,0
U0030,merchant,2026-08-06 09:22:40.955944117,6635.87,66616.24,send,D-U0030,N-U0030-52,Mymensingh,0
U0030,merchant,2026-08-06 12:42:18.019505097,9093.06,59980.37,merchant_pay,D-U0030,N-U0030-48,Mymensingh,0
U0030,merchant,2026-08-06 13:03:06.767045897,3327.68,50887.31,send,D-U0030,R-U0030-6,Mymensingh,0
U0030,merchant,2026-08-06 13:42:55.273024195,5157.68,47559.63,merchant_pay,D-U0030,R-U0030-0,Mymensingh,0
U0030,merchant,2026-08-06 13:43:17.297285334,1887.67,42401.95,send,D-U0030,R-U0030-7,Mymensingh,0
U0030,merchant,2026-08-07 10:21:47.670990271,2701.97,40514.28,send,D-U0030,N-U0030-57,Mymensingh,0
U0030,merchant,2026-08-07 17:04:20.476187820,2590.82,37812.31,send,D-U0030,R-U0030-3,Mymensingh,0
U0030,merchant,2026-08-07 17:29:29.798037804,5557.54,35221.49,send,D-U0030,N-U0030-4,Mymensingh,0
U0030,merchant,2026-08-07 20:45:12.764258818,3356.35,29663.95,cash_out,D-U0030,N-U0030-9,Mymensingh,0
U0030,merchant,2026-08-08 13:41:53.052606748,13334.57,26307.6,merchant_pay,D-U0030,N-U0030-1,Mymensingh,0
U0030,merchant,2026-08-08 14:36:02.662528023,7944.82,12973.03,send,D-U0030,N-U0030-38,Mymensingh,0
U0030,merchant,2026-08-09 15:50:55.698115639,10251.27,80087.4,send,D-U0030,N-U0030-58,Mymensingh,0
U0030,merchant,2026-08-09 17:39:54.534383181,12209.35,69836.13,merchant_pay,D-U0030,R-U0030-0,Mymensingh,0
U0030,merchant,2026-08-11 08:19:38.495398759,5297.34,57626.78,merchant_pay,D-U0030,N-U0030-39,Mymensingh,0
U0030,merchant,2026-08-11 12:25:01.317400406,11644.59,52329.43,cash_out,D-U0030,N-U0030-29,Mymensingh,0
U0030,merchant,2026-08-11 13:31:56.364260230,2524.0,40684.85,send,D-U0030,R-U0030-1,Mymensingh,0
U0030,merchant,2026-08-11 14:58:10.518214471,2452.24,38160.85,send,D-U0030,N-U0030-20,Mymensingh,0
U0030,merchant,2026-08-12 12:30:26.060389944,3091.74,35708.61,send,D-U0030,R-U0030-0,Mymensingh,0
U0030,merchant,2026-08-12 15:41:32.843503519,2013.22,32616.86,send,D-U0030,N-U0030-7,Mymensingh,0
U0030,merchant,2026-08-12 15:42:54.843503519,2227.08,30603.64,send,D-U0030,N-U0030-50,Mymensingh,0
U0030,merchant,2026-08-12 15:44:42.843503519,4754.48,28376.56,send,D-U0030,N-U0030-39,Mymensingh,0
U0030,merchant,2026-08-12 15:45:37.843503519,2705.06,23622.08,send,D-U0030,R-U0030-2,Mymensingh,0
U0030,merchant,2026-08-12 15:47:27.843503519,8428.98,20917.02,send,D-U0030,N-U0030-33,Mymensingh,0
U0030,merchant,2026-08-12 16:27:15.112655857,7487.24,12488.04,send,D-U0030,N-U0030-52,Mymensingh,0
U0030,merchant,2026-08-13 14:53:43.555283301,31979.06,88822.52,merchant_pay,D-U0030,N-U0030-42,Mymensingh,0
U0030,merchant,2026-08-14 09:26:12.535557430,7854.14,56843.45,send,D-U0030,N-U0030-2,Mymensingh,0
U0030,merchant,2026-08-15 09:12:43.483892234,2278.19,48989.31,send,D-U0030,R-U0030-2,Mymensingh,0
U0030,merchant,2026-08-15 15:22:03.927179361,718.57,46711.12,send,D-U0030,N-U0030-32,Mymensingh,0
U0030,merchant,2026-08-15 15:24:19.927179361,5095.33,45992.55,cash_out,D-U0030,N-U0030-54,Mymensingh,0
U0030,merchant,2026-08-15 15:27:25.927179361,880.13,40897.22,send,D-U0030,N-U0030-57,Mymensingh,0
U0030,merchant,2026-08-15 15:28:38.927179361,2424.87,40017.09,cash_out,D-U0030,N-U0030-59,Mymensingh,0
U0030,merchant,2026-08-15 15:31:08.927179361,13643.13,37592.22,send,D-U0030,R-U0030-0,Mymensingh,1
U0030,merchant,2026-08-16 12:05:32.983708105,4862.31,23949.09,cash_out,D-U0030,N-U0030-60,Mymensingh,0
U0030,merchant,2026-08-16 13:55:23.270102741,1184.23,19086.78,cash_out,D-U0030,R-U0030-0,Mymensingh,0
U0030,merchant,2026-08-17 11:29:46.400890118,5360.52,17902.55,send,D-U0030,N-U0030-40,Mymensingh,0
U0030,merchant,2026-08-17 11:32:33.400890118,4811.3,12542.03,send,D-U0030,R-U0030-2,Mymensingh,0
U0030,merchant,2026-08-17 11:34:20.400890118,8089.69,52707.13,send,D-U0030,N-U0030-9,Mymensingh,0
U0030,merchant,2026-08-17 11:35:31.400890118,11660.95,44617.44,cash_out,D-U0030,R-U0030-2,Mymensingh,0
U0030,merchant,2026-08-17 15:43:24.122165313,6314.58,32956.49,send,D-U0030,R-U0030-5,Mymensingh,0
U0030,merchant,2026-08-17 15:45:32.122165313,10221.92,26641.92,cash_out,D-U0030,N-U0030-34,Mymensingh,0
U0030,merchant,2026-08-17 15:46:35.122165313,6781.9,16420.0,send,D-U0030,N-U0030-57,Mymensingh,0
U0030,merchant,2026-08-17 15:49:08.122165313,6860.82,9638.09,send,D-U0030,N-U0030-60,Mymensingh,0
U0030,merchant,2026-08-17 15:50:54.122165313,3427.86,59857.88,send,D-U0030,R-U0030-0,Mymensingh,0
U0030,merchant,2026-08-18 09:39:22.597174686,8819.61,56430.02,send,D-U0030-b,R-U0030-2,Mymensingh,0
U0030,merchant,2026-08-18 10:47:16.087474291,1774.63,47610.41,merchant_pay,D-U0030,N-U0030-61,Mymensingh,0
U0030,merchant,2026-08-18 14:00:36.601861069,4274.86,45835.78,send,D-U0030,N-U0030-34,Mymensingh,0
U0030,merchant,2026-08-18 14:59:57.554998345,8552.61,41560.92,cash_out,D-U0030,R-U0030-0,Mymensingh,0
U0030,merchant,2026-08-18 16:11:16.688959696,3420.37,33008.31,send,D-U0030,N-U0030-37,Mymensingh,0
U0030,merchant,2026-08-19 13:45:22.516537561,10745.88,29587.94,merchant_pay,D-U0030,R-U0030-2,Mymensingh,0
U0030,merchant,2026-08-19 15:20:00.963694676,7814.48,18842.06,send,D-U0030,N-U0030-62,Mymensingh,0
U0030,merchant,2026-08-19 15:20:56.963694676,2792.0,11027.57,cash_out,D-U0030,N-U0030-39,Mymensingh,0
U0030,merchant,2026-08-19 15:23:01.963694676,4761.43,8235.57,send,D-U0030,R-U0030-1,Mymensingh,0
U0030,merchant,2026-08-19 16:09:03.833892177,4923.56,14033.74,send,D-U0030,R-U0030-7,Mymensingh,0
U0030,merchant,2026-08-20 12:25:14.851700539,1780.64,9110.18,send,D-U0030,R-U0030-0,Mymensingh,0
U0030,merchant,2026-08-20 15:53:28.467753278,5115.1,7329.54,cash_out,D-U0030,R-U0030-0,Mymensingh,0
U0030,merchant,2026-08-20 15:56:02.467753278,307.44,2214.44,cash_out,D-U0030,N-U0030-60,Mymensingh,0
U0030,merchant,2026-08-20 15:56:57.467753278,3092.34,38191.02,cash_out,D-U0030,N-U0030-2,Mymensingh,0
U0030,merchant,2026-08-20 16:00:10.467753278,2490.8,35098.67,send,D-U0030,R-U0030-4,Mymensingh,0
U0030,merchant,2026-08-20 16:03:24.467753278,14164.27,32607.88,send,D-U0030,N-U0030-54,Mymensingh,0
U0030,merchant,2026-08-21 10:44:50.615969488,8038.81,18443.6,cash_out,D-U0030,R-U0030-4,Mymensingh,0
U0030,merchant,2026-08-21 10:47:54.615969488,1583.71,10404.79,send,D-U0030,R-U0030-8,Mymensingh,0
U0030,merchant,2026-08-21 10:50:00.615969488,7112.45,8821.09,send,D-U0030,N-U0030-42,Mymensingh,0
U0030,merchant,2026-08-21 10:51:39.615969488,286.02,1708.63,merchant_pay,D-U0030,N-U0030-63,Mymensingh,0
U0030,merchant,2026-08-21 10:53:31.615969488,1711.97,60277.17,send,D-U0030,N-U0030-40,Mymensingh,0
U0030,merchant,2026-08-21 13:33:40.677252095,977.26,58565.2,send,D-U0030,R-U0030-0,Mymensingh,0
U0030,merchant,2026-08-22 10:46:44.759414511,9727.22,57587.94,send,D-U0030,R-U0030-0,Mymensingh,0
U0030,merchant,2026-08-22 12:01:23.760781320,3532.92,47860.72,send,D-U0030,N-U0030-64,Mymensingh,0
U0030,merchant,2026-08-23 11:36:35.625414174,973.37,44327.8,send,D-U0030,N-U0030-29,Mymensingh,0
U0030,merchant,2026-08-23 14:34:54.807721893,567.66,43354.43,send,D-U0030,R-U0030-9,Mymensingh,0
U0030,merchant,2026-08-23 17:37:24.609074772,1121.26,42786.77,send,D-U0030,N-U0030-59,Mymensingh,0
U0030,merchant,2026-08-23 17:39:28.609074772,2752.29,41665.51,cash_out,D-U0030,N-U0030-20,Mymensingh,0
U0030,merchant,2026-08-23 17:40:45.609074772,1084.59,38913.23,cash_out,D-U0030,N-U0030-32,Mymensingh,0
U0030,merchant,2026-08-23 17:44:04.609074772,3213.43,37828.64,send,D-U0030,R-U0030-1,Mymensingh,0
U0030,merchant,2026-08-23 17:46:43.609074772,4354.86,34615.21,send,D-U0030,N-U0030-25,Mymensingh,0
U0030,merchant,2026-08-24 12:49:05.249330038,4708.56,30260.35,cash_out,D-U0030,N-U0030-51,Mymensingh,0
U0030,merchant,2026-08-24 12:51:35.249330038,23106.25,25551.79,send,D-U0030,N-U0030-65,Mymensingh,0
U0030,merchant,2026-08-24 12:53:33.249330038,32870.4,95207.86,send,D-U0030,R-U0030-3,Mymensingh,0
U0030,merchant,2026-08-24 12:54:29.249330038,7776.78,62337.46,cash_out,D-U0030,N-U0030-44,Mymensingh,0
U0030,merchant,2026-08-24 14:10:15.040488007,4507.59,54560.68,send,D-U0030,N-U0030-48,Mymensingh,0
U0030,merchant,2026-08-24 14:57:43.009012103,7415.43,50053.09,cash_out,D-U0030,N-U0030-66,Mymensingh,0
U0030,merchant,2026-08-25 09:06:49.257260037,17524.54,42637.66,cash_out,D-U0030,R-U0030-1,Mymensingh,0
U0030,merchant,2026-08-25 11:48:32.738926944,4154.6,25113.12,send,D-U0030,R-U0030-0,Mymensingh,0
U0030,merchant,2026-08-25 12:51:36.522011919,2946.66,20958.52,send,D-U0030,N-U0030-38,Mymensingh,0
U0030,merchant,2026-08-25 13:07:09.640938956,1212.13,18011.86,cash_out,D-U0030,N-U0030-64,Mymensingh,0
U0030,merchant,2026-08-25 16:31:40.650049702,10136.75,16799.72,cash_out,D-U0030,R-U0030-0,Mymensingh,0
U0030,merchant,2026-08-25 17:53:03.341537793,2683.46,6662.98,cash_out,D-U0030,R-U0030-6,Mymensingh,0
U0030,merchant,2026-08-26 10:26:25.382605561,954.48,3979.51,cash_out,D-U0030,R-U0030-0,Mymensingh,0
U0030,merchant,2026-08-26 18:08:11.944051710,500.42,3025.04,merchant_pay,D-U0030,R-U0030-0,Mymensingh,2
U0030,merchant,2026-08-27 06:57:37.077705333,822.75,2524.62,cash_out,D-U0030,N-U0030-44,Mymensingh,0
U0030,merchant,2026-08-27 14:22:13.750457449,2047.34,37687.37,send,D-U0030,N-U0030-52,Mymensingh,0
U0030,merchant,2026-08-27 16:48:30.661182431,4216.38,35640.03,send,D-U0030,N-U0030-39,Mymensingh,0
U0030,merchant,2026-08-28 10:37:00.835951532,1128.66,31423.65,send,D-U0030,N-U0030-1,Mymensingh,0
U0030,merchant,2026-08-28 10:40:06.835951532,3450.8,30294.99,send,D-U0030,N-U0030-54,Mymensingh,0
U0030,merchant,2026-08-28 10:42:40.835951532,3194.75,26844.19,cash_out,D-U0030,N-U0030-1,Mymensingh,0
U0030,merchant,2026-08-28 10:44:09.835951532,2608.71,23649.43,cash_out,D-U0030,N-U0030-54,Mymensingh,0
U0030,merchant,2026-08-28 12:45:49.104361717,6233.37,21040.72,send,D-U0030,R-U0030-0,Mymensingh,0
U0030,merchant,2026-08-28 12:57:43.848377842,505.44,14807.35,send,D-U0030,N-U0030-20,Mymensingh,0
U0030,merchant,2026-08-28 14:45:22.857230363,5205.59,14301.9,send,D-U0030,N-U0030-34,Mymensingh,0
U0030,merchant,2026-08-28 14:46:48.857230363,5508.95,9096.31,send,D-U0030-b,R-U0030-3,Mymensingh,0
U0030,merchant,2026-08-28 14:49:31.857230363,1419.12,3587.36,cash_out,D-U0030,N-U0030-67,Mymensingh,0
U0030,merchant,2026-08-28 14:50:24.857230363,3455.7,12036.64,send,D-U0030,N-U0030-49,Mymensingh,0
U0030,merchant,2026-08-28 14:53:38.857230363,3919.21,8580.94,cash_out,D-U0030,N-U0030-37,Mymensingh,0
U0043,remittance,2026-05-05 06:30:00.000000000,36346.11,143945.59,cash_out,D-U0043,R-U0043-1,Dhaka,0
U0043,remittance,2026-05-06 09:02:42.585819847,11442.52,107599.48,cash_out,D-U0043,R-U0043-0,Dhaka,0
U0043,remittance,2026-05-13 12:37:06.147113423,2209.36,96156.96,cash_out,D-U0043,R-U0043-1,Dhaka,0
U0043,remittance,2026-05-14 14:03:45.512022388,4837.85,93947.6,cash_out,D-U0043,R-U0043-1,Dhaka,1
U0043,remittance,2026-05-18 13:17:26.401304025,3133.22,89109.75,cash_out,D-U0043,R-U0043-0,Dhaka,0
U0043,remittance,2026-05-19 06:30:00.000000000,4891.32,85976.53,cash_out,D-U0043,R-U0043-1,Dhaka,0
U0043,remittance,2026-05-19 08:42:14.428485474,5157.94,81085.21,cash_out,D-U0043,R-U0043-0,Dhaka,0
U0043,remittance,2026-05-19 14:24:00.357786140,6155.86,75927.27,merchant_pay,D-U0043,R-U0043-1,Dhaka,0
U0043,remittance,2026-05-19 16:30:45.844961616,4119.82,69771.41,cash_out,D-U0043,R-U0043-1,Dhaka,0
U0043,remittance,2026-05-20 08:54:34.926544236,2332.64,65651.59,cash_out,D-U0043,R-U0043-0,Dhaka,0
U0043,remittance,2026-05-20 11:13:29.217625744,2120.86,63318.95,send,D-U0043,R-U0043-0,Dhaka,0
U0043,remittance,2026-05-21 09:41:02.123547708,4130.03,61198.09,cash_out,D-U0043,R-U0043-0,Dhaka,0
U0043,remittance,2026-05-22 10:55:33.978665482,5287.04,57068.05,cash_out,D-U0043,R-U0043-0,Dhaka,0
U0043,remittance,2026-05-22 11:27:51.879661616,1678.87,51781.01,cash_out,D-U0043,R-U0043-1,Dhaka,0
U0043,remittance,2026-05-27 10:40:27.803203946,9170.57,50102.15,send,D-U0043,R-U0043-0,Dhaka,0
U0043,remittance,2026-05-31 15:39:05.793626302,6918.42,40931.57,cash_out,D-U0043,R-U0043-0,Dhaka,0
U0043,remittance,2026-06-01 13:18:56.555423157,1749.87,34013.15,cash_out,D-U0043,R-U0043-1,Dhaka,0
U0043,remittance,2026-06-03 07:32:58.588711405,10372.09,32263.28,cash_out,D-U0043,R-U0043-0,Dhaka,1
U0043,remittance,2026-06-03 10:28:15.232337542,5405.18,21891.19,merchant_pay,D-U0043,N-U0043-0,Dhaka,0
U0043,remittance,2026-06-05 08:07:26.303917017,4371.41,16486.0,cash_out,D-U0043,R-U0043-0,Dhaka,0
U0043,remittance,2026-06-05 09:11:44.561361802,1705.0,12114.59,cash_out,D-U0043,R-U0043-1,Dhaka,0
U0043,remittance,2026-06-05 11:05:14.486584908,3718.75,10409.59,cash_out,D-U0043,R-U0043-0,Dhaka,0
U0043,remittance,2026-06-06 09:10:19.340993520,4771.14,6690.84,cash_out,D-U0043,R-U0043-0,Dhaka,0
U0043,remittance,2026-06-07 11:45:09.704927855,5085.09,60155.56,cash_out,D-U0043,R-U0043-0,Dhaka,0
U0043,remittance,2026-06-08 11:58:02.803307312,3207.07,55070.47,cash_out,D-U0043,R-U0043-0,Dhaka,0
U0043,remittance,2026-06-15 08:04:33.375127330,3019.99,51863.4,cash_out,D-U0043,R-U0043-1,Dhaka,0
U0043,remittance,2026-06-15 09:39:06.028376821,5070.58,48843.4,cash_out,D-U0043,R-U0043-1,Dhaka,0
U0043,remittance,2026-06-15 11:09:33.308785376,7406.0,43772.83,cash_out,D-U0043,N-U0043-1,Dhaka,0
U0043,remittance,2026-06-21 07:35:29.368845168,9057.02,36366.82,send,D-U0043,N-U0043-1,Dhaka,0
U0043,remittance,2026-06-21 09:42:39.384111618,1539.3,27309.81,cash_out,D-U0043,R-U0043-1,Dhaka,0
U0043,remittance,2026-06-24 11:16:33.406787177,1377.3,25770.51,cash_out,D-U0043,R-U0043-0,Dhaka,0
U0043,remittance,2026-06-25 06:30:00.000000000,5088.76,24393.21,send,D-U0043,R-U0043-0,Dhaka,0
U0043,remittance,2026-07-02 09:17:53.878636341,2433.51,19304.45,send,D-U0043,N-U0043-1,Dhaka,0
U0043,remittance,2026-07-07 09:48:00.104030059,2750.05,16870.94,cash_out,D-U0043,R-U0043-0,Dhaka,0
U0043,remittance,2026-07-10 12:29:47.781190280,4302.82,14120.89,cash_out,D-U0043,R-U0043-0,Dhaka,0
U0043,remittance,2026-07-10 12:32:19.781190280,5389.28,9818.07,send,D-U0043,N-U0043-1,Dhaka,0
U0043,remittance,2026-07-10 12:34:59.781190280,3145.68,4428.79,cash_out,D-U0043,R-U0043-0,Dhaka,0
U0043,remittance,2026-07-10 12:35:40.781190280,3738.69,34573.88,send,D-U0043,R-U0043-0,Dhaka,0
U0043,remittance,2026-07-12 09:22:50.524567148,680.27,30835.19,cash_out,D-U0043,R-U0043-0,Dhaka,1
U0043,remittance,2026-07-12 11:18:22.711219845,29785.48,64143.51,cash_out,D-U0043,N-U0043-2,Dhaka,0
U0043,remittance,2026-07-13 12:05:20.187709147,5382.23,34358.02,merchant_pay,D-U0043,N-U0043-1,Dhaka,0
U0043,remittance,2026-07-17 08:56:13.900696324,9591.12,28975.79,cash_out,D-U0043,N-U0043-3,Dhaka,0
U0043,remittance,2026-07-18 10:54:19.608210127,8487.63,19384.67,cash_out,D-U0043,R-U0043-0,Dhaka,0
U0043,remittance,2026-07-19 13:11:26.480443442,2666.62,10897.04,cash_out,D-U0043,R-U0043-0,Dhaka,0
U0043,remittance,2026-07-30 07:57:45.431101973,37113.24,131372.81,cash_out,D-U0043,R-U0043-1,Dhaka,0
U0043,remittance,2026-07-30 10:43:34.216425211,3440.65,94259.56,cash_out,D-U0043,R-U0043-0,Dhaka,0
U0043,remittance,2026-08-02 08:59:04.136296854,3806.14,90818.92,cash_out,D-U0043,R-U0043-0,Dhaka,0
U0043,remittance,2026-08-02 11:27:45.733229478,3252.38,87012.78,send,D-U0043,R-U0043-0,Dhaka,0
U0043,remittance,2026-08-03 09:38:03.643383527,5103.92,83760.4,cash_out,D-U0043,R-U0043-0,Dhaka,0
U0043,remittance,2026-08-04 10:09:14.865182702,7727.92,78656.47,cash_out,D-U0043,R-U0043-0,Dhaka,0
U0043,remittance,2026-08-07 07:25:08.817610888,4178.16,70928.56,cash_out,D-U0043,R-U0043-1,Dhaka,0
U0043,remittance,2026-08-09 08:59:22.204382547,4369.06,66750.39,send,D-U0043,N-U0043-1,Dhaka,0
U0043,remittance,2026-08-10 07:41:02.192129763,6024.84,62381.33,cash_out,D-U0043,R-U0043-0,Dhaka,0
U0043,remittance,2026-08-11 08:17:23.505224936,3661.6,56356.49,send,D-U0043,R-U0043-0,Dhaka,0
U0043,remittance,2026-08-11 12:10:42.834608315,3331.87,52694.89,send,D-U0043,R-U0043-0,Dhaka,0
U0043,remittance,2026-08-13 07:24:45.737872168,4081.81,49363.02,send,D-U0043,N-U0043-4,Dhaka,0
U0043,remittance,2026-08-13 09:44:48.533768292,9985.67,45281.21,send,D-U0043,R-U0043-1,Dhaka,0
U0043,remittance,2026-08-17 07:20:28.350782638,2870.04,35295.54,cash_out,D-U0043,R-U0043-1,Dhaka,0
U0043,remittance,2026-08-17 09:41:32.187804365,8308.25,32425.5,cash_out,D-U0043,N-U0043-5,Dhaka,0
U0043,remittance,2026-08-18 09:20:56.197302503,2417.69,24117.24,cash_out,D-U0043,R-U0043-0,Dhaka,0
U0043,remittance,2026-08-19 10:40:40.351345669,3486.2,21699.56,cash_out,D-U0043,N-U0043-6,Dhaka,0
U0043,remittance,2026-08-22 07:47:18.510592092,5773.87,18213.36,merchant_pay,D-U0043,N-U0043-1,Dhaka,0
U0043,remittance,2026-08-22 08:19:26.732213118,5237.07,12439.49,cash_out,D-U0043,N-U0043-6,Dhaka,0
U0043,remittance,2026-08-25 09:48:11.431106947,5549.94,7202.42,cash_out,D-U0043,N-U0043-1,Dhaka,0
U0043,remittance,2026-08-25 13:31:16.521323131,2833.89,37301.93,send,D-U0043,R-U0043-0,Dhaka,0
U0043,remittance,2026-08-26 08:18:44.098242757,5138.11,34468.04,cash_out,D-U0043,N-U0043-6,Dhaka,0
U0043,remittance,2026-08-26 10:13:47.315616606,3233.74,29329.93,send,D-U0043,R-U0043-1,Dhaka,0
U0043,remittance,2026-08-26 14:41:40.860862081,19676.68,26096.18,send,D-U0043,R-U0043-0,Dhaka,0
U0043,remittance,2026-08-28 09:48:24.000803949,6075.38,6419.51,cash_out,D-U0043,R-U0043-1,Dhaka,0
U0044,salaried,2026-06-12 13:15:06.063099466,705.5,26775.46,send,D-U0044,R-U0044-3,Sylhet,0
U0044,salaried,2026-06-12 16:16:37.442694276,832.3,26069.96,send,D-U0044,R-U0044-1,Sylhet,0
U0044,salaried,2026-06-13 12:10:03.772136225,1323.73,25237.66,send,D-U0044,R-U0044-1,Sylhet,0
U0044,salaried,2026-06-15 11:21:19.694970685,392.29,23913.93,send,D-U0044,R-U0044-2,Sylhet,0
U0044,salaried,2026-06-15 13:11:44.498376370,1549.41,23521.65,send,D-U0044,R-U0044-3,Sylhet,0
U0044,salaried,2026-06-15 19:21:29.183081565,2500.74,21972.24,send,D-U0044,R-U0044-1,Sylhet,0
U0044,salaried,2026-06-16 10:54:41.875191522,1646.75,19471.49,merchant_pay,D-U0044,R-U0044-0,Sylhet,0
U0044,salaried,2026-06-16 12:49:00.495781944,790.78,17824.74,merchant_pay,D-U0044,R-U0044-0,Sylhet,0
U0044,salaried,2026-06-17 14:32:30.191153845,704.12,17033.96,send,D-U0044,R-U0044-0,Sylhet,0
U0044,salaried,2026-06-18 08:15:09.327242461,585.43,16329.83,send,D-U0044,R-U0044-1,Sylhet,0
U0044,salaried,2026-06-19 15:39:25.895662281,3254.15,15744.4,merchant_pay,D-U0044,R-U0044-1,Sylhet,0
U0044,salaried,2026-06-20 12:22:04.655938679,578.78,12490.25,send,D-U0044,R-U0044-0,Sylhet,0
U0044,salaried,2026-06-20 17:13:48.233300434,728.45,11911.48,send,D-U0044,R-U0044-4,Sylhet,0
U0044,salaried,2026-06-22 16:33:17.589586033,340.24,11183.03,send,D-U0044,R-U0044-0,Sylhet,0
U0044,salaried,2026-06-23 08:53:53.156612917,1624.09,10842.79,send,D-U0044,R-U0044-0,Sylhet,0
U0044,salaried,2026-06-23 09:17:13.553553800,1585.61,9218.69,send,D-U0044,R-U0044-0,Sylhet,0
U0044,salaried,2026-06-23 13:27:14.320355830,2523.94,7633.08,cash_out,D-U0044,R-U0044-2,Sylhet,0
U0044,salaried,2026-06-23 14:59:41.260581908,5122.47,19255.8,send,D-U0044,R-U0044-3,Sylhet,0
U0044,salaried,2026-06-24 10:14:01.739540678,1037.29,14133.33,merchant_pay,D-U0044,R-U0044-0,Sylhet,0
U0044,salaried,2026-06-24 14:33:42.256092007,1553.9,13096.04,merchant_pay,D-U0044,R-U0044-0,Sylhet,0
U0044,salaried,2026-06-26 14:19:40.823156414,1894.42,11542.13,send,D-U0044,R-U0044-0,Sylhet,0
U0044,salaried,2026-06-26 19:59:48.065801203,394.23,9647.71,merchant_pay,D-U0044,R-U0044-0,Sylhet,0
U0044,salaried,2026-06-27 13:26:41.884948563,1221.0,9253.48,send,D-U0044,N-U0044-1,Sylhet,1
U0044,salaried,2026-06-27 19:26:14.385037110,1498.29,8032.49,send,D-U0044,R-U0044-0,Sylhet,0
U0044,salaried,2026-06-28 08:45:54.524066544,2890.88,6534.2,send,D-U0044,R-U0044-3,Sylhet,0
U0044,salaried,2026-06-28 18:11:45.781394008,4952.22,10480.95,send,D-U0044,R-U0044-4,Sylhet,0
U0044,salaried,2026-06-30 15:30:21.527261376,2108.74,5528.73,cash_out,D-U0044,R-U0044-2,Sylhet,0
U0044,salaried,2026-07-01 16:18:44.131064194,722.89,3419.99,cash_out,D-U0044,R-U0044-0,Sylhet,0
U0044,salaried,2026-07-02 15:28:48.238198181,2740.75,14765.38,send,D-U0044,R-U0044-2,Sylhet,0
U0044,salaried,2026-07-02 15:40:26.427950129,923.85,12024.64,send,D-U0044,N-U0044-1,Sylhet,0
U0044,salaried,2026-07-03 19:50:39.758951414,473.88,11100.79,cash_out,D-U0044,R-U0044-0,Sylhet,0
U0044,salaried,2026-07-04 16:46:52.615165404,753.38,10626.91,merchant_pay,D-U0044,N-U0044-2,Sylhet,0
U0044,salaried,2026-07-06 14:35:41.951544040,505.55,9873.53,send,D-U0044,R-U0044-2,Sylhet,0
U0044,salaried,2026-07-07 08:16:17.523793667,768.22,9367.98,cash_out,D-U0044,R-U0044-1,Sylhet,0
U0044,salaried,2026-07-07 10:06:12.138502746,1335.0,8599.75,merchant_pay,D-U0044,R-U0044-0,Sylhet,1
U0044,salaried,2026-07-07 10:52:00.090826581,159.16,7264.76,merchant_pay,D-U0044,R-U0044-0,Sylhet,1
U0044,salaried,2026-07-09 10:06:55.488045697,1690.71,7105.6,send,D-U0044,R-U0044-0,Sylhet,0
U0044,salaried,2026-07-11 15:17:21.761941020,421.9,5414.89,cash_out,D-U0044,R-U0044-0,Sylhet,0
U0044,salaried,2026-07-13 12:19:39.640474258,620.26,4992.99,send,D-U0044,N-U0044-2,Sylhet,0
U0044,salaried,2026-07-14 14:02:58.680674273,767.27,4372.73,send,D-U0044,R-U0044-0,Sylhet,0
U0044,salaried,2026-07-14 16:17:54.704311715,1257.5,3605.46,cash_out,D-U0044,R-U0044-0,Sylhet,0
U0044,salaried,2026-07-14 20:50:48.122387511,1449.83,2347.96,cash_out,D-U0044,R-U0044-3,Sylhet,0
U0044,salaried,2026-07-15 15:26:04.465788506,389.87,898.13,send,D-U0044,R-U0044-0,Sylhet,0
U0044,salaried,2026-07-15 18:09:07.444695927,556.64,23381.15,merchant_pay,D-U0044,R-U0044-1,Sylhet,0
U0044,salaried,2026-07-15 20:36:52.278489266,352.07,22824.51,merchant_pay,D-U0044,N-U0044-3,Sylhet,0
U0044,salaried,2026-07-16 11:13:05.050704780,561.29,22472.44,merchant_pay,D-U0044,R-U0044-0,Sylhet,0
U0044,salaried,2026-07-16 11:14:20.050704780,840.26,21911.15,send,D-U0044,R-U0044-4,Sylhet,0
U0044,salaried,2026-07-16 11:15:11.050704780,1499.78,21070.88,send,D-U0044,N-U0044-2,Sylhet,0
U0044,salaried,2026-07-17 13:51:51.926164631,1385.42,19571.1,send,D-U0044,R-U0044-1,Sylhet,0
U0044,salaried,2026-07-17 14:10:47.053962683,503.75,18185.68,send,D-U0044,R-U0044-2,Sylhet,0
U0044,salaried,2026-07-18 11:25:49.614951794,1098.16,17681.93,merchant_pay,D-U0044,N-U0044-4,Sylhet,0
U0044,salaried,2026-07-18 19:34:00.568241365,3158.83,16583.77,merchant_pay,D-U0044,R-U0044-3,Sylhet,0
U0044,salaried,2026-07-19 10:49:30.412696845,1754.15,13424.93,send,D-U0044,R-U0044-0,Sylhet,0
U0044,salaried,2026-07-19 14:52:14.354856010,2499.26,11670.78,send,D-U0044,R-U0044-3,Sylhet,0
U0044,salaried,2026-07-19 16:54:12.058197639,755.65,9171.53,send,D-U0044,R-U0044-0,Sylhet,0
U0044,salaried,2026-07-20 16:11:35.332907554,2002.25,8415.88,send,D-U0044,N-U0044-1,Sylhet,0
U0044,salaried,2026-07-21 14:32:43.153213860,812.59,6413.63,send,D-U0044,R-U0044-0,Sylhet,0
U0044,salaried,2026-07-21 20:06:04.687797016,488.6,5601.04,send,D-U0044,R-U0044-0,Sylhet,0
U0044,salaried,2026-07-23 13:36:56.656493830,2498.66,5112.44,merchant_pay,D-U0044,N-U0044-2,Sylhet,0
U0044,salaried,2026-07-24 11:16:00.213626415,556.7,2613.78,send,D-U0044,R-U0044-4,Sylhet,0
U0044,salaried,2026-07-24 12:42:01.019200389,596.36,2057.08,send,D-U0044,N-U0044-2,Sylhet,0
U0044,salaried,2026-07-24 12:44:36.019200389,1665.32,28513.48,cash_out,D-U0044,R-U0044-0,Sylhet,0
U0044,salaried,2026-07-24 12:46:06.019200389,2951.04,26848.16,send,D-U0044,R-U0044-0,Sylhet,0
U0044,salaried,2026-07-25 14:48:25.858777322,3570.14,23897.12,send,D-U0044,N-U0044-1,Sylhet,0
U0044,salaried,2026-07-26 11:03:52.098070116,577.72,20326.98,send,D-U0044,R-U0044-3,Sylhet,0
U0044,salaried,2026-07-26 17:03:13.231128051,434.88,19749.26,merchant_pay,D-U0044,R-U0044-0,Sylhet,0
U0044,salaried,2026-07-26 18:53:02.630001380,2505.95,19314.39,merchant_pay,D-U0044-b,R-U0044-0,Sylhet,0
U0044,salaried,2026-07-28 06:30:00.000000000,472.1,16808.44,send,D-U0044,R-U0044-2,Sylhet,0
U0044,salaried,2026-07-28 06:54:12.640418394,808.72,16336.34,send,D-U0044,N-U0044-1,Sylhet,0
U0044,salaried,2026-07-28 13:36:26.136300936,645.33,15527.62,cash_out,D-U0044,R-U0044-1,Sylhet,0
U0044,salaried,2026-07-28 15:32:43.294240164,413.57,14882.29,send,D-U0044,R-U0044-2,Sylhet,0
U0044,salaried,2026-07-28 18:14:20.651326782,3677.76,14468.72,send,D-U0044,R-U0044-1,Sylhet,0
U0044,salaried,2026-07-28 20:23:31.799329969,942.87,10790.96,send,D-U0044,R-U0044-0,Sylhet,0
U0044,salaried,2026-07-29 08:19:21.718676715,2458.82,9848.09,merchant_pay,D-U0044,R-U0044-1,Sylhet,0
U0044,salaried,2026-07-29 12:46:42.280510631,2021.2,7389.27,cash_out,D-U0044,R-U0044-4,Sylhet,0
U0044,salaried,2026-07-29 15:45:17.777084447,559.56,5368.07,send,D-U0044,R-U0044-0,Sylhet,0
U0044,salaried,2026-07-30 13:25:37.162082849,8686.7,30192.54,cash_out,D-U0044,R-U0044-2,Sylhet,0
U0044,salaried,2026-07-31 15:13:29.149671941,1282.07,21505.84,cash_out,D-U0044,R-U0044-0,Sylhet,0
U0044,salaried,2026-08-01 11:15:32.169602519,500.06,20223.77,cash_out,D-U0044,R-U0044-0,Sylhet,0
U0044,salaried,2026-08-01 15:08:36.765004484,260.38,19723.71,cash_out,D-U0044,R-U0044-0,Sylhet,0
U0044,salaried,2026-08-01 15:36:54.705968463,435.59,19463.34,merchant_pay,D-U0044,R-U0044-0,Sylhet,0
U0044,salaried,2026-08-02 10:21:19.002895972,1852.66,19027.74,send,D-U0044,R-U0044-0,Sylhet,0
U0044,salaried,2026-08-02 12:49:49.917165786,672.55,17175.08,merchant_pay,D-U0044,R-U0044-1,Sylhet,0
U0044,salaried,2026-08-03 16:17:19.648595246,753.54,16502.53,merchant_pay,D-U0044,R-U0044-1,Sylhet,0
U0044,salaried,2026-08-03 16:58:08.876511888,1097.87,15748.99,send,D-U0044-b,N-U0044-2,Sylhet,0
U0044,salaried,2026-08-04 09:54:26.552225094,1668.42,14651.12,send,D-U0044,R-U0044-4,Sylhet,0
U0044,salaried,2026-08-05 18:36:05.345275538,630.03,12982.71,send,D-U0044,R-U0044-1,Sylhet,0
U0044,salaried,2026-08-06 10:24:49.021905848,242.95,12352.68,cash_out,D-U0044,R-U0044-1,Sylhet,0
U0044,salaried,2026-08-08 15:33:15.919522171,815.76,12109.73,send,D-U0044,R-U0044-2,Sylhet,0
U0044,salaried,2026-08-09 14:24:59.302920883,2945.88,11293.97,merchant_pay,D-U0044,R-U0044-2,Sylhet,0
U0044,salaried,2026-08-10 11:51:08.113657576,524.78,8348.09,merchant_pay,D-U0044,R-U0044-3,Sylhet,0
U0044,salaried,2026-08-13 14:53:53.176178187,725.04,7823.3,cash_out,D-U0044,N-U0044-1,Sylhet,0
U0044,salaried,2026-08-14 09:13:30.961135678,720.13,7098.26,merchant_pay,D-U0044,R-U0044-0,Sylhet,0
U0044,salaried,2026-08-14 11:28:55.206464332,1267.38,6378.13,send,D-U0044,N-U0044-2,Sylhet,0
U0044,salaried,2026-08-14 15:29:54.181306053,1478.69,5110.75,send,D-U0044,N-U0044-1,Sylhet,0
U0044,salaried,2026-08-16 09:30:30.274109184,473.96,3632.05,send,D-U0044,R-U0044-0,Sylhet,0
U0044,salaried,2026-08-16 09:49:51.642409849,283.96,3158.09,send,D-U0044,R-U0044-0,Sylhet,0
U0044,salaried,2026-08-16 16:10:10.590527605,3408.39,6098.82,send,D-U0044,R-U0044-1,Sylhet,0
U0044,salaried,2026-08-16 17:01:55.752622684,489.5,2690.44,merchant_pay,D-U0044,R-U0044-0,Sylhet,0
U0044,salaried,2026-08-16 17:06:20.670786686,4387.5,26369.6,send,D-U0044,R-U0044-0,Sylhet,0
U0044,salaried,2026-08-17 09:04:47.302512337,508.33,21982.1,send,D-U0044,R-U0044-1,Sylhet,0
U0044,salaried,2026-08-18 11:58:11.456999022,1776.44,21473.77,cash_out,D-U0044,R-U0044-0,Sylhet,1
U0044,salaried,2026-08-19 10:51:27.081807583,1088.59,19697.33,send,D-U0044,R-U0044-1,Sylhet,0
U0044,salaried,2026-08-19 17:39:37.936034375,1859.29,18608.74,send,D-U0044,N-U0044-2,Sylhet,0
U0044,salaried,2026-08-21 15:19:15.966150165,442.67,16749.45,merchant_pay,D-U0044,R-U0044-3,Sylhet,0
U0044,salaried,2026-08-21 15:26:26.495095033,909.41,16306.78,send,D-U0044,R-U0044-0,Sylhet,1
U0044,salaried,2026-08-22 13:50:54.068872339,2361.19,15397.37,merchant_pay,D-U0044,R-U0044-3,Sylhet,0
U0044,salaried,2026-08-23 16:01:59.557521443,879.18,13036.19,merchant_pay,D-U0044,R-U0044-2,Sylhet,0
U0044,salaried,2026-08-24 09:05:01.102426971,3711.97,12157.01,send,D-U0044,R-U0044-3,Sylhet,0
U0044,salaried,2026-08-24 12:27:43.372446269,1486.62,8445.04,send,D-U0044,R-U0044-1,Sylhet,0
U0044,salaried,2026-08-24 17:38:27.234682711,494.27,6958.42,cash_out,D-U0044,N-U0044-1,Sylhet,0
U0044,salaried,2026-08-25 14:59:21.055172723,2948.73,6464.16,send,D-U0044,N-U0044-5,Sylhet,0
U0044,salaried,2026-08-25 15:58:18.176808254,650.81,3515.42,cash_out,D-U0044,R-U0044-2,Sylhet,0
U0044,salaried,2026-08-25 16:21:02.431718386,1843.54,2864.61,cash_out,D-U0044,R-U0044-1,Sylhet,0
U0044,salaried,2026-08-27 11:08:32.279328110,1451.0,5751.21,merchant_pay,D-U0044,N-U0044-5,Sylhet,0
U0044,salaried,2026-08-27 13:03:21.208361398,720.47,4300.21,cash_out,D-U0044,R-U0044-2,Sylhet,0
U0044,salaried,2026-08-27 13:05:49.208361398,583.26,3579.74,merchant_pay,D-U0044,R-U0044-1,Sylhet,0
U0044,salaried,2026-08-27 13:07:15.208361398,2426.48,2996.47,send,D-U0044,R-U0044-0,Sylhet,0
U0044,salaried,2026-08-27 13:08:19.208361398,488.3,570.0,send,D-U0044,R-U0044-2,Sylhet,0
U0044,salaried,2026-08-28 07:40:41.461647100,840.25,15388.28,send,D-U0044,R-U0044-0,Sylhet,0
U0110,senior,2026-05-05 06:34:39.696502767,1613.21,22436.68,send,D-U0110,R-U0110-2,Dhaka,0
U0110,senior,2026-05-10 09:51:38.928149979,1428.9,20823.48,cash_out,D-U0110,R-U0110-2,Dhaka,0
U0110,senior,2026-05-14 10:39:10.109049052,1005.65,19394.57,cash_out,D-U0110,R-U0110-0,Dhaka,0
U0110,senior,2026-05-17 06:39:16.028275265,1885.15,18388.92,send,D-U0110,R-U0110-0,Dhaka,0
U0110,senior,2026-05-18 11:04:40.330747344,1596.83,16503.78,cash_out,D-U0110,R-U0110-0,Dhaka,0
U0110,senior,2026-05-19 10:54:38.363208622,3466.65,14906.95,send,D-U0110,N-U0110-0,Dhaka,0
U0110,senior,2026-05-23 08:29:55.947896160,2093.14,11440.3,cash_out,D-U0110,R-U0110-1,Dhaka,0
U0110,senior,2026-05-27 07:45:56.887324365,1753.95,9347.16,cash_out,D-U0110,R-U0110-0,Dhaka,0
U0110,senior,2026-05-27 07:48:09.720548214,7829.48,46052.62,merchant_pay,D-U0110,R-U0110-1,Dhaka,0
U0110,senior,2026-05-28 08:06:44.810466208,4036.36,38223.14,send,D-U0110,R-U0110-0,Dhaka,0
U0110,senior,2026-05-28 10:16:40.765733259,2835.89,34186.79,send,D-U0110,R-U0110-0,Dhaka,0
U0110,senior,2026-05-30 08:06:24.133959108,3651.57,31350.9,send,D-U0110,R-U0110-0,Dhaka,0
U0110,senior,2026-05-30 11:59:59.303939935,2106.69,27699.33,merchant_pay,D-U0110,R-U0110-0,Dhaka,0
U0110,senior,2026-05-31 11:37:16.917932783,1328.82,25592.64,cash_out,D-U0110,R-U0110-0,Dhaka,0
U0110,senior,2026-06-02 07:26:38.313001405,3618.19,24263.82,send,D-U0110,R-U0110-0,Dhaka,0
U0110,senior,2026-06-08 07:12:03.952104791,2058.49,20645.62,send,D-U0110,R-U0110-2,Dhaka,0
U0110,senior,2026-06-09 07:34:29.664608292,1117.21,18587.14,merchant_pay,D-U0110,R-U0110-2,Dhaka,0
U0110,senior,2026-06-11 11:25:23.977598898,3158.54,17469.93,send,D-U0110,N-U0110-1,Dhaka,0
U0110,senior,2026-06-12 07:53:07.956836480,13444.37,14311.38,cash_out,D-U0110,R-U0110-0,Dhaka,0
U0110,senior,2026-06-14 14:05:18.268719802,2488.08,19985.73,merchant_pay,D-U0110,R-U0110-0,Dhaka,0
U0110,senior,2026-06-15 08:43:27.237659947,1394.47,17497.65,send,D-U0110,R-U0110-1,Dhaka,0
U0110,senior,2026-06-15 09:24:08.785488852,1493.1,16103.18,merchant_pay,D-U0110,R-U0110-1,Dhaka,0
U0110,senior,2026-06-17 08:53:37.966554591,977.81,14610.08,send,D-U0110,N-U0110-0,Dhaka,0
U0110,senior,2026-06-18 06:50:58.736463280,2979.4,13632.27,cash_out,D-U0110,N-U0110-2,Dhaka,0
U0110,senior,2026-06-19 09:02:37.982322910,1533.56,10652.87,send,D-U0110,R-U0110-1,Dhaka,0
U0110,senior,2026-06-22 10:44:14.730241939,2445.63,9119.31,send,D-U0110,R-U0110-1,Dhaka,0
U0110,senior,2026-06-23 07:18:02.751676019,2644.35,6673.68,send,D-U0110-b,R-U0110-0,Dhaka,0
U0110,senior,2026-06-24 10:30:19.073502336,1733.19,4029.33,cash_out,D-U0110,R-U0110-1,Dhaka,0
U0110,senior,2026-06-27 09:21:44.994441526,1148.01,2296.15,send,D-U0110,R-U0110-2,Dhaka,0
U0110,senior,2026-06-30 07:45:57.771941505,3504.92,26355.33,cash_out,D-U0110,R-U0110-1,Dhaka,0
U0110,senior,2026-07-01 06:30:00.000000000,985.87,22850.41,cash_out,D-U0110,R-U0110-0,Dhaka,0
U0110,senior,2026-07-02 07:30:49.903126139,3831.1,21864.54,send,D-U0110,R-U0110-2,Dhaka,0
U0110,senior,2026-07-04 08:30:41.316009170,1150.23,18033.44,send,D-U0110,N-U0110-1,Dhaka,0
U0110,senior,2026-07-04 12:36:02.038010458,4151.42,16883.21,send,D-U0110,N-U0110-1,Dhaka,0
U0110,senior,2026-07-05 07:43:24.220763855,2302.82,12731.79,send,D-U0110,N-U0110-1,Dhaka,0
U0110,senior,2026-07-07 12:03:17.983706653,3984.18,10428.97,send,D-U0110,N-U0110-1,Dhaka,0
U0110,senior,2026-07-08 06:45:47.605607057,4658.5,6444.79,send,D-U0110,R-U0110-2,Dhaka,0
U0110,senior,2026-07-09 09:47:38.929481360,5911.91,29222.35,cash_out,D-U0110,R-U0110-0,Dhaka,0
U0110,senior,2026-07-10 08:46:51.421795332,3451.6,23310.44,cash_out,D-U0110,R-U0110-0,Dhaka,0
U0110,senior,2026-07-11 10:46:33.556743012,1954.67,19858.84,cash_out,D-U0110,R-U0110-1,Dhaka,0
U0110,senior,2026-07-11 11:10:38.541289906,760.91,17904.18,send,D-U0110,R-U0110-0,Dhaka,0
U0110,senior,2026-07-18 07:43:49.585435558,859.07,17143.26,cash_out,D-U0110,R-U0110-0,Dhaka,0
U0110,senior,2026-07-20 08:35:42.064298784,2101.7,16284.19,send,D-U0110,R-U0110-0,Dhaka,0
U0110,senior,2026-07-25 08:05:23.710103898,2699.57,14182.49,cash_out,D-U0110,N-U0110-0,Dhaka,0
U0110,senior,2026-07-28 08:18:40.834728482,2937.72,11482.93,cash_out,D-U0110,R-U0110-0,Dhaka,0
U0110,senior,2026-07-31 07:13:54.724374031,10700.94,44761.33,cash_out,D-U0110,R-U0110-1,Dhaka,0
U0110,senior,2026-08-04 09:19:50.515943548,1512.92,34060.39,send,D-U0110,R-U0110-2,Dhaka,0
U0110,senior,2026-08-06 08:41:09.088793235,914.25,32547.47,cash_out,D-U0110,R-U0110-1,Dhaka,0
U0110,senior,2026-08-06 09:56:52.476277874,925.61,31633.21,send,D-U0110,R-U0110-1,Dhaka,0
U0110,senior,2026-08-08 07:37:11.937116224,740.57,30707.61,send,D-U0110,N-U0110-1,Dhaka,0
U0110,senior,2026-08-09 06:30:00.000000000,3565.24,29967.04,merchant_pay,D-U0110,R-U0110-2,Dhaka,0
U0110,senior,2026-08-13 06:30:00.000000000,3082.84,26401.8,send,D-U0110,R-U0110-2,Dhaka,0
U0110,senior,2026-08-15 13:23:47.552960604,3891.35,23318.95,cash_out,D-U0110,R-U0110-2,Dhaka,0
